Workbook

Sheet 범례
A1: Scroll Hunter — 밸런스 시트
A2: 노란 칸만 입력하세요. 검은 글자는 수식입니다.
A4: 색 규칙
A5: 노란 칸 + 파란 글자 | B5: 직접 입력. 여기만 수정하세요.
A6: 검은 글자 | B6: 수식. 건드리지 마세요.
A7: 회색 이탤릭 행 | B7: 형식 참고용 예시. 채운 뒤 삭제하세요.
A9: 시트 구성
A10: 직업 | B10: 구현 직업 1종의 기본 스펙
A11: 스킬 | B11: 스킬 풀 14종. 코스트당 / 시간당 기대 피해가 자동 계산됨
A12: 덱시뮬 | B12: 덱 8장 시뮬레이션. 코스트 병목과 행동 잠금 병목을 모두 계산 ★
A13: 적 | B13: 적 4종 + 보스. 담당 색상별 스펙
A14: 인카운터 | B14: 전투 5회의 목표/실측 시간 (18일차 갱신)
A17: 공용 가정
A18: 항목 | B18: 설명 | C18: 값 | D18: 근거 / 출처
A19: 크리티컬 배율 | B19: 크리티컬 발생 시 피해 배수 | C19: 1.8 | D19: [근거를 적으세요]
A20: 방어 상수 | B20: 방어감소율 = 방어력 / (방어력 + 상수) | C20: 100 | D20: [근거를 적으세요]
A21: 기준 적 방어력 | B21: 스킬 기대 피해 계산 기준값 | C21: 20 | D21: [잡몹 평균 등 근거]
A22: 기준 방어감소율 | B22: 위 두 값으로 자동 계산 | C22: =C21/(C21+C20) -> 0.16666667 | D22: 수식
A23: 코스트 초당 회복량 | B23: 실시간 충전 속도 | C23: 0.8 | D23: [근거를 적으세요]
A24: 코스트 상한 | B24: 초과분은 소멸 | C24: 10 | D24: [근거를 적으세요]
A25: 전투 시작 코스트 | C25: 3 | D25: [근거를 적으세요]
A26: 최소 GCD (초) | B26: 행동 잠금 = MAX(캐스팅 시간, 이 값) | C26: 0.4 | D26: 확정값 (10_결정사항_로그 A1). 코스트가 꽉 찼을 때의 연타 속도를 제한
A27: 목표 전투 시간(잡몹) | B27: 초 | C27: 45 | D27: [근거를 적으세요]
A28: 목표 전투 시간(보스) | B28: 초 | C28: 180 | D28: [근거를 적으세요]
A29: 포션 횟수 (런 전체) | B29: 최대 HP의 50%씩 회복 | C29: 3 | D29: 확정값 (10_결정사항_로그 A8)
A30: 잡몹전 평균 적 수 | B30: 광역기 실효 피해 계산용 | C30: 2.25 | D30: 인카운터 1~4의 적 수 평균 (2,2,2,3)
A31: 주의: 기획 문서(02~04)의 수치는 이 파일과 반드시 일치시키세요. 이 파일이 원본입니다.
A32: 사양을 변경하면 해당 기획서의 「변경 이력」 표에도 반드시 기록하세요. (P0 대응)

Sheet 직업
A1: 직업 스펙
A2: 구현 직업 1종. F열(기대 크리 배율)은 자동 계산.
A4: 이름 | B4: HP | C4: 방어력 | D4: 크리티컬률 | E4: 기대 크리 배율 | F4: 설계 메모
A5: 마법사 | B5: 500 | C5: 20 | D5: 0.15 | E5: =IF(D5="","",1+D5*(범례!$C$19-1)) -> 1.12 | F5: 공격력 스탯 없음. 피해는 스킬 피해량으로만 결정된다
E6: =IF(D6="","",1+D6*(범례!$C$19-1))
E7: =IF(D7="","",1+D7*(범례!$C$19-1))
A9: 5행이 실제 데이터입니다. 스킬 시트가 이 행을 참조하므로 행을 옮기지 마세요.
A10: 공격력 스탯은 없습니다. 최종피해 = (스킬 피해량 x 타수) x (1 - 방어감소율) x 크리배율

Sheet 스킬
A1: 스킬 풀 밸런스 (14종)
A2: 피해량은 계수가 아니라 절대값입니다. 카드에 적히는 숫자가 곧 이 값입니다. F·I~N열 자동 계산. 분류에 '광역'이 포함되면 잡몹전 기대 피해에 평균 적 수가 곱해집니다.
A4: ID | B4: 스킬명 | C4: 분류 | D4: 코스트 | E4: 캐스팅(초) | F4: 잠금(초) | G4: 피해량 | H4: 타수 | I4: 총 피해량 | J4: 기대 피해 (1체) | K4: 기대 피해 (잡몹) | L4: 코스트당 (보스) | M4: 코스트당 (잡몹) | N4: 시간당 (잡몹) | O4: 방어도 부여 | P4: 경직(초) | Q4: 설계 의도 | R4: 검증(코스트) | S4: 검증(시간)
A5: SK-A | B5: 화염탄 | C5: 딜/단일 | D5: 3 | E5: 0.3 | F5: =IF(E5="","",MAX(E5,범례!$C$26)) -> 0.4 | G5: 100 | H5: 1 | I5: =IF(G5="","",G5*H5) -> 100 | J5: =IF(I5="","",I5*(1-범례!$C$22)*직업!$E$5) -> 93.333333 | K5: =IF(J5="","",J5*IF(ISNUMBER(SEARCH("광역",$C5)),범례!$C$30,1)) -> 93.333333 | L5: =IF(OR(J5="",D5="",D5=0),"",J5/D5) -> 31.111111 | M5: =IF(OR(K5="",D5="",D5=0),"",K5/D5) -> 31.111111 | N5: =IF(OR(K5="",F5="",F5=0),"",K5/F5) -> 233.33333 | Q5: 프로토타입 1단계 구현. Skill_Fireball | R5: =IF(AND(LEFT($C5,1)="딜",ISNUMBER(M5)),M5,"") -> 31.111111 | S5: =IF(AND(LEFT($C5,1)="딜",ISNUMBER(N5)),N5,"") -> 233.33333
A6: SK-B | B6: 서리화살 | C6: 딜/단일 | D6: 4 | E6: 0.3 | F6: =IF(E6="","",MAX(E6,범례!$C$26)) -> 0.4 | G6: 120 | H6: 1 | I6: =IF(G6="","",G6*H6) -> 120 | J6: =IF(I6="","",I6*(1-범례!$C$22)*직업!$E$5) -> 112 | K6: =IF(J6="","",J6*IF(ISNUMBER(SEARCH("광역",$C6)),범례!$C$30,1)) -> 112 | L6: =IF(OR(J6="",D6="",D6=0),"",J6/D6) -> 28 | M6: =IF(OR(K6="",D6="",D6=0),"",K6/D6) -> 28 | N6: =IF(OR(K6="",F6="",F6=0),"",K6/F6) -> 280 | Q6: Skill_Frostbolt | R6: =IF(AND(LEFT($C6,1)="딜",ISNUMBER(M6)),M6,"") -> 28 | S6: =IF(AND(LEFT($C6,1)="딜",ISNUMBER(N6)),N6,"") -> 280
A7: SK-C | B7: 수정방패 | C7: 방어 | D7: 3 | E7: 0.2 | F7: =IF(E7="","",MAX(E7,범례!$C$26)) -> 0.4 | G7: 0 | H7: 1 | I7: =IF(G7="","",G7*H7) -> 0 | J7: =IF(I7="","",I7*(1-범례!$C$22)*직업!$E$5) -> 0 | K7: =IF(J7="","",J7*IF(ISNUMBER(SEARCH("광역",$C7)),범례!$C$30,1)) -> 0 | L7: =IF(OR(J7="",D7="",D7=0),"",J7/D7) -> 0 | M7: =IF(OR(K7="",D7="",D7=0),"",K7/D7) -> 0 | N7: =IF(OR(K7="",F7="",F7=0),"",K7/F7) -> 0 | O7: 120 | Q7: Skill_CrystalShield. 방어도 120은 3단계에서 적용 | R7: =IF(AND(LEFT($C7,1)="딜",ISNUMBER(M7)),M7,"") | S7: =IF(AND(LEFT($C7,1)="딜",ISNUMBER(N7)),N7,"")
A8: SK-D | B8: 침묵 | C8: 차단 | D8: 4 | E8: 0.2 | F8: =IF(E8="","",MAX(E8,범례!$C$26)) -> 0.4 | G8: 0 | H8: 1 | I8: =IF(G8="","",G8*H8) -> 0 | J8: =IF(I8="","",I8*(1-범례!$C$22)*직업!$E$5) -> 0 | K8: =IF(J8="","",J8*IF(ISNUMBER(SEARCH("광역",$C8)),범례!$C$30,1)) -> 0 | L8: =IF(OR(J8="",D8="",D8=0),"",J8/D8) -> 0 | M8: =IF(OR(K8="",D8="",D8=0),"",K8/D8) -> 0 | N8: =IF(OR(K8="",F8="",F8=0),"",K8/F8) -> 0 | P8: 1.5 | Q8: Skill_Silence. 차단 효과는 3단계에서 적용 | R8: =IF(AND(LEFT($C8,1)="딜",ISNUMBER(M8)),M8,"") | S8: =IF(AND(LEFT($C8,1)="딜",ISNUMBER(N8)),N8,"")
A9: SK-E | B9: 연쇄번개 | C9: 딜/단일 | D9: 6 | E9: 1 | F9: =IF(E9="","",MAX(E9,범례!$C$26)) -> 1 | G9: 50 | H9: 3 | I9: =IF(G9="","",G9*H9) -> 150 | J9: =IF(I9="","",I9*(1-범례!$C$22)*직업!$E$5) -> 140 | K9: =IF(J9="","",J9*IF(ISNUMBER(SEARCH("광역",$C9)),범례!$C$30,1)) -> 140 | L9: =IF(OR(J9="",D9="",D9=0),"",J9/D9) -> 23.333333 | M9: =IF(OR(K9="",D9="",D9=0),"",K9/D9) -> 23.333333 | N9: =IF(OR(K9="",F9="",F9=0),"",K9/F9) -> 140 | Q9: Skill_ChainLightning. 5~8일차에 광역으로 전환 검토 | R9: =IF(AND(LEFT($C9,1)="딜",ISNUMBER(M9)),M9,"") -> 23.333333 | S9: =IF(AND(LEFT($C9,1)="딜",ISNUMBER(N9)),N9,"") -> 140
A10: SK-F | B10: 폭발 | C10: 딜/단일 | D10: 5 | E10: 0.8 | F10: =IF(E10="","",MAX(E10,범례!$C$26)) -> 0.8 | G10: 110 | H10: 1 | I10: =IF(G10="","",G10*H10) -> 110 | J10: =IF(I10="","",I10*(1-범례!$C$22)*직업!$E$5) -> 102.66667 | K10: =IF(J10="","",J10*IF(ISNUMBER(SEARCH("광역",$C10)),범례!$C$30,1)) -> 102.66667 | L10: =IF(OR(J10="",D10="",D10=0),"",J10/D10) -> 20.533333 | M10: =IF(OR(K10="",D10="",D10=0),"",K10/D10) -> 20.533333 | N10: =IF(OR(K10="",F10="",F10=0),"",K10/F10) -> 128.33333 | Q10: Skill_Explosion. 광역 전환 후보 | R10: =IF(AND(LEFT($C10,1)="딜",ISNUMBER(M10)),M10,"") -> 20.533333 | S10: =IF(AND(LEFT($C10,1)="딜",ISNUMBER(N10)),N10,"") -> 128.33333
A11: SK-G | B11: 관통 | C11: 딜/단일 | D11: 5 | E11: 0.6 | F11: =IF(E11="","",MAX(E11,범례!$C$26)) -> 0.6 | G11: 150 | H11: 1 | I11: =IF(G11="","",G11*H11) -> 150 | J11: =IF(I11="","",I11*(1-범례!$C$22)*직업!$E$5) -> 140 | K11: =IF(J11="","",J11*IF(ISNUMBER(SEARCH("광역",$C11)),범례!$C$30,1)) -> 140 | L11: =IF(OR(J11="",D11="",D11=0),"",J11/D11) -> 28 | M11: =IF(OR(K11="",D11="",D11=0),"",K11/D11) -> 28 | N11: =IF(OR(K11="",F11="",F11=0),"",K11/F11) -> 233.33333 | Q11: Skill_Pierce | R11: =IF(AND(LEFT($C11,1)="딜",ISNUMBER(M11)),M11,"") -> 28 | S11: =IF(AND(LEFT($C11,1)="딜",ISNUMBER(N11)),N11,"") -> 233.33333
A12: SK-H | B12: 불기둥 | C12: 딜/단일 | D12: 7 | E12: 1.2 | F12: =IF(E12="","",MAX(E12,범례!$C$26)) -> 1.2 | G12: 90 | H12: 2 | I12: =IF(G12="","",G12*H12) -> 180 | J12: =IF(I12="","",I12*(1-범례!$C$22)*직업!$E$5) -> 168 | K12: =IF(J12="","",J12*IF(ISNUMBER(SEARCH("광역",$C12)),범례!$C$30,1)) -> 168 | L12: =IF(OR(J12="",D12="",D12=0),"",J12/D12) -> 24 | M12: =IF(OR(K12="",D12="",D12=0),"",K12/D12) -> 24 | N12: =IF(OR(K12="",F12="",F12=0),"",K12/F12) -> 140 | Q12: Skill_FlamePillar. 광역 전환 후보 | R12: =IF(AND(LEFT($C12,1)="딜",ISNUMBER(M12)),M12,"") -> 24 | S12: =IF(AND(LEFT($C12,1)="딜",ISNUMBER(N12)),N12,"") -> 140
F13: =IF(E13="","",MAX(E13,범례!$C$26)) | I13: =IF(G13="","",G13*H13) | J13: =IF(I13="","",I13*(1-범례!$C$22)*직업!$E$5) | K13: =IF(J13="","",J13*IF(ISNUMBER(SEARCH("광역",$C13)),범례!$C$30,1)) | L13: =IF(OR(J13="",D13="",D13=0),"",J13/D13) | M13: =IF(OR(K13="",D13="",D13=0),"",K13/D13) | N13: =IF(OR(K13="",F13="",F13=0),"",K13/F13) | R13: =IF(AND(LEFT($C13,1)="딜",ISNUMBER(M13)),M13,"") | S13: =IF(AND(LEFT($C13,1)="딜",ISNUMBER(N13)),N13,"")
F14: =IF(E14="","",MAX(E14,범례!$C$26)) | I14: =IF(G14="","",G14*H14) | J14: =IF(I14="","",I14*(1-범례!$C$22)*직업!$E$5) | K14: =IF(J14="","",J14*IF(ISNUMBER(SEARCH("광역",$C14)),범례!$C$30,1)) | L14: =IF(OR(J14="",D14="",D14=0),"",J14/D14) | M14: =IF(OR(K14="",D14="",D14=0),"",K14/D14) | N14: =IF(OR(K14="",F14="",F14=0),"",K14/F14) | R14: =IF(AND(LEFT($C14,1)="딜",ISNUMBER(M14)),M14,"") | S14: =IF(AND(LEFT($C14,1)="딜",ISNUMBER(N14)),N14,"")
F15: =IF(E15="","",MAX(E15,범례!$C$26)) | I15: =IF(G15="","",G15*H15) | J15: =IF(I15="","",I15*(1-범례!$C$22)*직업!$E$5) | K15: =IF(J15="","",J15*IF(ISNUMBER(SEARCH("광역",$C15)),범례!$C$30,1)) | L15: =IF(OR(J15="",D15="",D15=0),"",J15/D15) | M15: =IF(OR(K15="",D15="",D15=0),"",K15/D15) | N15: =IF(OR(K15="",F15="",F15=0),"",K15/F15) | R15: =IF(AND(LEFT($C15,1)="딜",ISNUMBER(M15)),M15,"") | S15: =IF(AND(LEFT($C15,1)="딜",ISNUMBER(N15)),N15,"")
F16: =IF(E16="","",MAX(E16,범례!$C$26)) | I16: =IF(G16="","",G16*H16) | J16: =IF(I16="","",I16*(1-범례!$C$22)*직업!$E$5) | K16: =IF(J16="","",J16*IF(ISNUMBER(SEARCH("광역",$C16)),범례!$C$30,1)) | L16: =IF(OR(J16="",D16="",D16=0),"",J16/D16) | M16: =IF(OR(K16="",D16="",D16=0),"",K16/D16) | N16: =IF(OR(K16="",F16="",F16=0),"",K16/F16) | R16: =IF(AND(LEFT($C16,1)="딜",ISNUMBER(M16)),M16,"") | S16: =IF(AND(LEFT($C16,1)="딜",ISNUMBER(N16)),N16,"")
F17: =IF(E17="","",MAX(E17,범례!$C$26)) | I17: =IF(G17="","",G17*H17) | J17: =IF(I17="","",I17*(1-범례!$C$22)*직업!$E$5) | K17: =IF(J17="","",J17*IF(ISNUMBER(SEARCH("광역",$C17)),범례!$C$30,1)) | L17: =IF(OR(J17="",D17="",D17=0),"",J17/D17) | M17: =IF(OR(K17="",D17="",D17=0),"",K17/D17) | N17: =IF(OR(K17="",F17="",F17=0),"",K17/F17) | R17: =IF(AND(LEFT($C17,1)="딜",ISNUMBER(M17)),M17,"") | S17: =IF(AND(LEFT($C17,1)="딜",ISNUMBER(N17)),N17,"")
F18: =IF(E18="","",MAX(E18,범례!$C$26)) | I18: =IF(G18="","",G18*H18) | J18: =IF(I18="","",I18*(1-범례!$C$22)*직업!$E$5) | K18: =IF(J18="","",J18*IF(ISNUMBER(SEARCH("광역",$C18)),범례!$C$30,1)) | L18: =IF(OR(J18="",D18="",D18=0),"",J18/D18) | M18: =IF(OR(K18="",D18="",D18=0),"",K18/D18) | N18: =IF(OR(K18="",F18="",F18=0),"",K18/F18) | R18: =IF(AND(LEFT($C18,1)="딜",ISNUMBER(M18)),M18,"") | S18: =IF(AND(LEFT($C18,1)="딜",ISNUMBER(N18)),N18,"")
A22: 밸런스 검증 (딜 카드만, 잡몹전 기준)
A23: 코스트당 최대 | B23: =IFERROR(MAX(R5:R18),"") -> 31.111111 | C23: 차단·방어 카드는 제외됨
A24: 코스트당 최소 | B24: =IFERROR(MIN(R5:R18),"") -> 20.533333
A25: 코스트당 비율 | B25: =IFERROR(B23/B24,"") -> 1.5151515 | C25: 목표 1.30 이하
A26: 시간당 최대 | B26: =IFERROR(MAX(S5:S18),"") -> 280 | C26: 잠금 시간 대비 효율
A27: 시간당 최소 | B27: =IFERROR(MIN(S5:S18),"") -> 128.33333
A28: 시간당 비율 | B28: =IFERROR(B26/B27,"") -> 2.1818182 | C28: 목표 1.30 이하
A29: 딜/단일 장수 | B29: =COUNTIF(C5:C18,"딜/단일") -> 6 | C29: 목표 4
A30: 딜/광역 장수 | B30: =COUNTIF(C5:C18,"딜/광역") -> 0 | C30: 목표 4
A31: 차단 카드 장수 | B31: =COUNTIF(C5:C18,"차단") -> 1 | C31: 목표 3
A32: 방어 카드 장수 | B32: =COUNTIF(C5:C18,"방어") -> 1 | C32: 목표 3
A34: 두 비율이 모두 1.3 이하여야 합니다. 한쪽만 맞추면 무조건 채용되는 카드가 생깁니다.
A35: 함정: 차단·방어 카드에 딜을 붙이면 트레이드오프가 사라집니다. 대응 카드는 딜을 포기하는 대가여야 합니다.
A37: 단일 / 광역 설계
A38: 손익분기는 적 2체. 같은 코스트라면 광역 피해량은 단일 피해량의 절반입니다.
A39: L열(보스 기준)과 M열(잡몹 기준)의 격차가 크면 그 카드는 '상황용'입니다. 격차가 없으면 범용입니다.
A40: 보스전은 적 1체이므로 광역기는 L열 값만 나옵니다. 덱 8장에 상황용을 몇 장 넣을지가 결정이 됩니다.
A41: 광역기의 대가는 코스트가 아니라 캐스팅 시간(0.8~1.2초)입니다. 코스트를 올리면 피해량도 비례해 올리세요.

Sheet 덱시뮬
A1: 덱 8장 구성 시뮬레이션
A2: B열에 스킬명만 입력하면 나머지는 자동 계산됩니다. 스킬 시트의 스킬명과 정확히 일치해야 합니다.
A4: 슬롯 | B4: 스킬명 | C4: 분류 | D4: 코스트 | E4: 잠금(초) | F4: 기대 피해 | G4: 위치 | H4: 손에 넣기까지 필요 코스트 | I4: 코스트 병목 대기(초) | J4: 잠금 병목 대기(초) | K4: 대응카드 코스트기준 | L4: 대응카드 잠금기준
A5: 1 | B5: 화염탄 | C5: =IFERROR(INDEX(스킬!$C:$C,MATCH($B5,스킬!$B:$B,0)),"") -> 딜/단일 | D5: =IFERROR(INDEX(스킬!$D:$D,MATCH($B5,스킬!$B:$B,0)),"") -> 3 | E5: =IFERROR(INDEX(스킬!$F:$F,MATCH($B5,스킬!$B:$B,0)),"") -> 0.4 | F5: =IFERROR(INDEX(스킬!$J:$J,MATCH($B5,스킬!$B:$B,0)),"") -> 93.333333 | G5: =IF($A5<=4,"손패","대기열") -> 손패 | H5: =IF($A5<=4,0,SUM($D$5:INDEX($D$5:$D$12,$A5-4))) -> 0 | I5: =IFERROR(H5/범례!$C$23,"") -> 0 | J5: =IF($A5<=4,0,SUM($E$5:INDEX($E$5:$E$12,$A5-4))) -> 0 | K5: =IF(OR(C5="차단",C5="방어"),I5,"") | L5: =IF(OR(C5="차단",C5="방어"),J5,"")
A6: 2 | B6: 서리화살 | C6: =IFERROR(INDEX(스킬!$C:$C,MATCH($B6,스킬!$B:$B,0)),"") -> 딜/단일 | D6: =IFERROR(INDEX(스킬!$D:$D,MATCH($B6,스킬!$B:$B,0)),"") -> 4 | E6: =IFERROR(INDEX(스킬!$F:$F,MATCH($B6,스킬!$B:$B,0)),"") -> 0.4 | F6: =IFERROR(INDEX(스킬!$J:$J,MATCH($B6,스킬!$B:$B,0)),"") -> 112 | G6: =IF($A6<=4,"손패","대기열") -> 손패 | H6: =IF($A6<=4,0,SUM($D$5:INDEX($D$5:$D$12,$A6-4))) -> 0 | I6: =IFERROR(H6/범례!$C$23,"") -> 0 | J6: =IF($A6<=4,0,SUM($E$5:INDEX($E$5:$E$12,$A6-4))) -> 0 | K6: =IF(OR(C6="차단",C6="방어"),I6,"") | L6: =IF(OR(C6="차단",C6="방어"),J6,"")
A7: 3 | B7: 수정방패 | C7: =IFERROR(INDEX(스킬!$C:$C,MATCH($B7,스킬!$B:$B,0)),"") -> 방어 | D7: =IFERROR(INDEX(스킬!$D:$D,MATCH($B7,스킬!$B:$B,0)),"") -> 3 | E7: =IFERROR(INDEX(스킬!$F:$F,MATCH($B7,스킬!$B:$B,0)),"") -> 0.4 | F7: =IFERROR(INDEX(스킬!$J:$J,MATCH($B7,스킬!$B:$B,0)),"") -> 0 | G7: =IF($A7<=4,"손패","대기열") -> 손패 | H7: =IF($A7<=4,0,SUM($D$5:INDEX($D$5:$D$12,$A7-4))) -> 0 | I7: =IFERROR(H7/범례!$C$23,"") -> 0 | J7: =IF($A7<=4,0,SUM($E$5:INDEX($E$5:$E$12,$A7-4))) -> 0 | K7: =IF(OR(C7="차단",C7="방어"),I7,"") -> 0 | L7: =IF(OR(C7="차단",C7="방어"),J7,"") -> 0
A8: 4 | B8: 침묵 | C8: =IFERROR(INDEX(스킬!$C:$C,MATCH($B8,스킬!$B:$B,0)),"") -> 차단 | D8: =IFERROR(INDEX(스킬!$D:$D,MATCH($B8,스킬!$B:$B,0)),"") -> 4 | E8: =IFERROR(INDEX(스킬!$F:$F,MATCH($B8,스킬!$B:$B,0)),"") -> 0.4 | F8: =IFERROR(INDEX(스킬!$J:$J,MATCH($B8,스킬!$B:$B,0)),"") -> 0 | G8: =IF($A8<=4,"손패","대기열") -> 손패 | H8: =IF($A8<=4,0,SUM($D$5:INDEX($D$5:$D$12,$A8-4))) -> 0 | I8: =IFERROR(H8/범례!$C$23,"") -> 0 | J8: =IF($A8<=4,0,SUM($E$5:INDEX($E$5:$E$12,$A8-4))) -> 0 | K8: =IF(OR(C8="차단",C8="방어"),I8,"") -> 0 | L8: =IF(OR(C8="차단",C8="방어"),J8,"") -> 0
A9: 5 | B9: 연쇄번개 | C9: =IFERROR(INDEX(스킬!$C:$C,MATCH($B9,스킬!$B:$B,0)),"") -> 딜/단일 | D9: =IFERROR(INDEX(스킬!$D:$D,MATCH($B9,스킬!$B:$B,0)),"") -> 6 | E9: =IFERROR(INDEX(스킬!$F:$F,MATCH($B9,스킬!$B:$B,0)),"") -> 1 | F9: =IFERROR(INDEX(스킬!$J:$J,MATCH($B9,스킬!$B:$B,0)),"") -> 140 | G9: =IF($A9<=4,"손패","대기열") -> 대기열 | H9: =IF($A9<=4,0,SUM($D$5:INDEX($D$5:$D$12,$A9-4))) -> 3 | I9: =IFERROR(H9/범례!$C$23,"") -> 3.75 | J9: =IF($A9<=4,0,SUM($E$5:INDEX($E$5:$E$12,$A9-4))) -> 0.4 | K9: =IF(OR(C9="차단",C9="방어"),I9,"") | L9: =IF(OR(C9="차단",C9="방어"),J9,"")
A10: 6 | B10: 폭발 | C10: =IFERROR(INDEX(스킬!$C:$C,MATCH($B10,스킬!$B:$B,0)),"") -> 딜/단일 | D10: =IFERROR(INDEX(스킬!$D:$D,MATCH($B10,스킬!$B:$B,0)),"") -> 5 | E10: =IFERROR(INDEX(스킬!$F:$F,MATCH($B10,스킬!$B:$B,0)),"") -> 0.8 | F10: =IFERROR(INDEX(스킬!$J:$J,MATCH($B10,스킬!$B:$B,0)),"") -> 102.66667 | G10: =IF($A10<=4,"손패","대기열") -> 대기열 | H10: =IF($A10<=4,0,SUM($D$5:INDEX($D$5:$D$12,$A10-4))) -> 7 | I10: =IFERROR(H10/범례!$C$23,"") -> 8.75 | J10: =IF($A10<=4,0,SUM($E$5:INDEX($E$5:$E$12,$A10-4))) -> 0.8 | K10: =IF(OR(C10="차단",C10="방어"),I10,"") | L10: =IF(OR(C10="차단",C10="방어"),J10,"")
A11: 7 | B11: 관통 | C11: =IFERROR(INDEX(스킬!$C:$C,MATCH($B11,스킬!$B:$B,0)),"") -> 딜/단일 | D11: =IFERROR(INDEX(스킬!$D:$D,MATCH($B11,스킬!$B:$B,0)),"") -> 5 | E11: =IFERROR(INDEX(스킬!$F:$F,MATCH($B11,스킬!$B:$B,0)),"") -> 0.6 | F11: =IFERROR(INDEX(스킬!$J:$J,MATCH($B11,스킬!$B:$B,0)),"") -> 140 | G11: =IF($A11<=4,"손패","대기열") -> 대기열 | H11: =IF($A11<=4,0,SUM($D$5:INDEX($D$5:$D$12,$A11-4))) -> 10 | I11: =IFERROR(H11/범례!$C$23,"") -> 12.5 | J11: =IF($A11<=4,0,SUM($E$5:INDEX($E$5:$E$12,$A11-4))) -> 1.2 | K11: =IF(OR(C11="차단",C11="방어"),I11,"") | L11: =IF(OR(C11="차단",C11="방어"),J11,"")
A12: 8 | B12: 불기둥 | C12: =IFERROR(INDEX(스킬!$C:$C,MATCH($B12,스킬!$B:$B,0)),"") -> 딜/단일 | D12: =IFERROR(INDEX(스킬!$D:$D,MATCH($B12,스킬!$B:$B,0)),"") -> 7 | E12: =IFERROR(INDEX(스킬!$F:$F,MATCH($B12,스킬!$B:$B,0)),"") -> 1.2 | F12: =IFERROR(INDEX(스킬!$J:$J,MATCH($B12,스킬!$B:$B,0)),"") -> 168 | G12: =IF($A12<=4,"손패","대기열") -> 대기열 | H12: =IF($A12<=4,0,SUM($D$5:INDEX($D$5:$D$12,$A12-4))) -> 14 | I12: =IFERROR(H12/범례!$C$23,"") -> 17.5 | J12: =IF($A12<=4,0,SUM($E$5:INDEX($E$5:$E$12,$A12-4))) -> 1.6 | K12: =IF(OR(C12="차단",C12="방어"),I12,"") | L12: =IF(OR(C12="차단",C12="방어"),J12,"")
A15: 검증
A16: 덱 총 코스트 | B16: =SUM(D5:D12) -> 37
A17: 1사이클 최소 소요 시간(초) | B17: =IFERROR(B16/범례!$C$23,"") -> 46.25 | D17: 목표 전투 시간의 0.8~1.2배. 짧으면 덱 구성의 의미가 약해집니다
A18: 덱 1사이클 총 잠금 시간(초) | B18: =SUM(E5:E12) -> 5.2 | D18: 1사이클 시간보다 크면 코스트가 아니라 잠금이 병목입니다
A19: 덱 1사이클 총 기대 피해 | B19: =SUM(F5:F12) -> 756
A20: 초당 기대 피해 | B20: =IFERROR(B19/B17,"") -> 16.345946 | D20: 적 예상 처치 시간 계산에 사용됨
A21: 목표 전투 시간 대비 사이클 수 | B21: =IFERROR(범례!$C$27/B17,"") -> 0.97297297 | D21: 목표 1.0~1.5회
A22: 대응 카드 장수 (차단+방어) | B22: =COUNTIF(C5:C12,"차단")+COUNTIF(C5:C12,"방어") -> 2 | D22: 권장 2~3장
A23: 대응 카드 최악 대기 — 코스트 0 | B23: =IFERROR(MAX(K5:K12),"") -> 0 | D23: 코스트가 비어 있을 때. 적의 최장 캐스팅보다 길면 대응 불가
A24: 대응 카드 최소 대기 — 코스트 충분 | B24: =IFERROR(MAX(L5:L12),"") -> 0 | D24: 코스트를 모아뒀을 때. 이 값이 코스트를 아낄 이유를 만듭니다
A28: 이 시트의 목적
A29: 결정론적 순환이므로, 특정 카드를 손에 넣기까지 필요한 비용을 정확히 계산할 수 있습니다.
A30: 비용은 두 가지입니다. ① 앞 카드들의 코스트 합 ② 앞 카드들의 행동 잠금 시간 합.
A31: 코스트가 비어 있으면 ①이, 코스트를 모아뒀으면 ②가 병목이 됩니다. 실제 대기 시간은 둘 중 큰 쪽입니다.
A32: 예: 차단 카드가 6번 슬롯이면 앞 2장을 써야 손에 옵니다. 코스트 0이면 8.75초, 코스트가 꽉 찼으면 0.8초.
A33: 이 폭이 '코스트를 미리 모아둘 이유'를 만듭니다. 아껴둔 코스트가 위기 대응 속도로 환산됩니다.
A34: 앞쪽에 캐스팅 긴 카드를 몰아두면 코스트가 넘쳐도 못 끌어옵니다. 덱 순서 자체가 설계 결정입니다.

Sheet 적
A1: 적 스펙
A2: F열(방어감소율), I열(예상 처치 시간)은 자동 계산.
A4: 이름 | B4: 담당 색상 | C4: HP | D4: 피해량 | E4: 방어력 | F4: 방어감소율 | G4: 캐스팅(초) | H4: 차단 가능 | I4: 예상 처치 시간(초) | J4: 교육 의도
A5: 잡몹 A | B5: 초록 | C5: 300 | D5: 30 | E5: 0 | F5: =IF(E5="","",E5/(E5+범례!$C$20)) -> 0 | G5: 2.5 | H5: — | I5: =IFERROR(C5/덱시뮬!$B$20,"") -> 18.353175 | J5: 대응 불필요한 공격을 먼저 보여줌
A6: 잡몹 B | B6: 주황 | C6: 300 | D6: 40 | E6: 0 | F6: =IF(E6="","",E6/(E6+범례!$C$20)) -> 0 | G6: 3 | H6: 가능 | I6: =IFERROR(C6/덱시뮬!$B$20,"") -> 18.353175 | J6: 차단 카드의 존재와 사용 타이밍
A7: 잡몹 C | B7: 빨강 | C7: 300 | D7: 150 | E7: 0 | F7: =IF(E7="","",E7/(E7+범례!$C$20)) -> 0 | G7: 4 | H7: 불가 | I7: =IFERROR(C7/덱시뮬!$B$20,"") -> 18.353175 | J7: 방어도 카드의 존재
F8: =IF(E8="","",E8/(E8+범례!$C$20)) | I8: =IFERROR(C8/덱시뮬!$B$20,"") -> 0
F9: =IF(E9="","",E9/(E9+범례!$C$20)) | I9: =IFERROR(C9/덱시뮬!$B$20,"") -> 0
F10: =IF(E10="","",E10/(E10+범례!$C$20)) | I10: =IFERROR(C10/덱시뮬!$B$20,"") -> 0
A13: A·B·C는 프로토타입 2단계 구현값입니다. 4열은 공격력이 아니라 피해량입니다.
A14: 담당 색상: 초록=대응 불필요 / 주황=차단 대상 / 빨강=방어도 대상
A15: 적의 캐스팅 시간을 덱시뮬의 '대응 카드 최악 대기'와 비교하세요. 대기가 더 길면 구조적으로 대응 불가입니다.

Sheet HP예산
A1: 런 전체 HP 예산
A2: HP는 전투 사이에 이월됩니다. 5전투를 버틸 수 있는지 여기서 확인하세요. 노란 칸에 전투별 예상 피해를 입력합니다.
A4: 전투 | B4: 구성 | C4: 완벽 대응 시 피해 | D4: 평범 대응 시 피해 | E4: 누적 HP (완벽) | F4: 누적 HP (평범) | G4: 판정 | H4: 비고
A5: 1 | E5: =IF(C5="","",IF(A5=1,직업!$B$5-C5,E4-C5)) | F5: =IF(D5="","",IF(A5=1,직업!$B$5-D5,F4-D5)) | G5: =IF(F5="","",IF(F5<=0,"사망",IF(F5<100,"위험","안전")))
A6: 2 | E6: =IF(C6="","",IF(A6=1,직업!$B$5-C6,E5-C6)) | F6: =IF(D6="","",IF(A6=1,직업!$B$5-D6,F5-D6)) | G6: =IF(F6="","",IF(F6<=0,"사망",IF(F6<100,"위험","안전")))
A7: 3 | E7: =IF(C7="","",IF(A7=1,직업!$B$5-C7,E6-C7)) | F7: =IF(D7="","",IF(A7=1,직업!$B$5-D7,F6-D7)) | G7: =IF(F7="","",IF(F7<=0,"사망",IF(F7<100,"위험","안전")))
A8: 4 | E8: =IF(C8="","",IF(A8=1,직업!$B$5-C8,E7-C8)) | F8: =IF(D8="","",IF(A8=1,직업!$B$5-D8,F7-D8)) | G8: =IF(F8="","",IF(F8<=0,"사망",IF(F8<100,"위험","안전")))
A9: 5 | E9: =IF(C9="","",IF(A9=1,직업!$B$5-C9,E8-C9)) | F9: =IF(D9="","",IF(A9=1,직업!$B$5-D9,F8-D9)) | G9: =IF(F9="","",IF(F9<=0,"사망",IF(F9<100,"위험","안전")))
A12: 검증
A13: 총 피해 — 완벽 대응 | B13: =IFERROR(SUM(C5:C9),"") -> 0
A14: 총 피해 — 평범 대응 | B14: =IFERROR(SUM(D5:D9),"") -> 0
A15: 포션 총 회복량 | B15: =IFERROR(직업!$B$5*0.5*범례!$C$29,"") -> 750 | D15: 런 전체 3회 x 최대 HP 50%
A16: 감당 가능 총 피해 | B16: =IFERROR(직업!$B$5+B15,"") -> 1250 | D16: 최대 HP + 포션 총량
A17: 완벽 대응 여유 | B17: =IFERROR(B16-B13,"") -> 1250 | D17: 클수록 쉬움. 목표 600 이상
A18: 평범 대응 여유 | B18: =IFERROR(B16-B14,"") -> 1250 | D18: 목표 0~200. 음수면 평범한 플레이로 클리어 불가
A19: 대응 성공의 가치 | B19: =IFERROR(B14-B13,"") -> 0 | D19: 이 값이 클수록 방어 카드가 의미 있음. 목표 300 이상
A22: 설계 목표
A23: 완벽하게 대응하면 포션을 거의 안 쓰고, 평범하면 다 쓰고, 못하면 죽는다.
A24: '대응 성공의 가치'가 작으면 방어 카드를 넣을 이유가 없습니다. 빨강 공격 피해를 키우세요.
A25: '평범 대응 여유'가 크게 음수면 2~3전투에서 이미 클리어가 불가능해집니다. 적 피해를 낮추세요.

Sheet 인카운터
A1: 인카운터 구성 및 실측
A2: D열(실측)은 18일차에 스톱워치로 측정해 기입. E·F열은 자동 계산.
A4: 번호 | B4: 구성 | C4: 목표 시간(초) | D4: 실측 시간(초) | E4: 차이(초) | F4: 오차율 | G4: 신규 요소 | H4: 수정 내용과 근거
A5: 1 | B5: (예시) 잡몹A ×2 | C5: 40 | D5: 58 | E5: =IF(OR(C5="",D5=""),"",D5-C5) -> 18 | F5: =IF(OR(C5="",D5="",C5=0),"",(D5-C5)/C5) -> 0.45 | G5: 기본 루프 | H5: 목표 대비 45% 초과. 적 HP 300→220 하향 (18일차)
E6: =IF(OR(C6="",D6=""),"",D6-C6) | F6: =IF(OR(C6="",D6="",C6=0),"",(D6-C6)/C6)
E7: =IF(OR(C7="",D7=""),"",D7-C7) | F7: =IF(OR(C7="",D7="",C7=0),"",(D7-C7)/C7)
E8: =IF(OR(C8="",D8=""),"",D8-C8) | F8: =IF(OR(C8="",D8="",C8=0),"",(D8-C8)/C8)
E9: =IF(OR(C9="",D9=""),"",D9-C9) | F9: =IF(OR(C9="",D9="",C9=0),"",(D9-C9)/C9)
E10: =IF(OR(C10="",D10=""),"",D10-C10) | F10: =IF(OR(C10="",D10="",C10=0),"",(D10-C10)/C10)
E11: =IF(OR(C11="",D11=""),"",D11-C11) | F11: =IF(OR(C11="",D11="",C11=0),"",(D11-C11)/C11)
A14: 총 목표 전투 시간(초) | C14: =IFERROR(SUM(C6:C11),"") -> 0 | E14: 목표: 전투 합계 6~7분 (360~420초)
A15: 총 실측 전투 시간(초) | C15: =IFERROR(SUM(D6:D11),"") -> 0
